Latitude;Longitude;City;URL
41.37361;48.51056;Qırmızı Qəsəbə;https://en.wikipedia.org/wiki/Q%C4%B1rm%C4%B1z%C4%B1_Q%C9%99s%C9%99b%C9%99
52.200;24.783;Antopal;https://en.wikipedia.org/wiki/Antopal
53.833;28.983;Berazino;https://en.wikipedia.org/wiki/Berazino
51.783;30.267;Brahin;https://en.wikipedia.org/wiki/Brahin,_Belarus
53.80750;30.97139;Chavusy;https://en.wikipedia.org/wiki/Chavusy
52.05556;27.21389;Davyd-Haradok;https://en.wikipedia.org/wiki/Davyd-Haradok
53.667;23.833;Hrodna;https://en.wikipedia.org/wiki/Hrodna
55.133;27.683;Hlybokaye;https://en.wikipedia.org/wiki/Hlybokaye
53.917;25.767;Ivye;https://en.wikipedia.org/wiki/Ivye
52.400;23.817;Kamyenyets;https://en.wikipedia.org/wiki/Kamyenyets
52.217;27.100;Lakhva;https://en.wikipedia.org/wiki/Lakhva
54.833333;30.966667;Lyubavichi;https://en.wikipedia.org/wiki/Lyubavichi
52.250;26.800;Luniniec;https://en.wikipedia.org/wiki/Luniniec
52.43333;24.66667;Obech, Belarus;https://en.wikipedia.org/wiki/Obech,_Belarus
52.117;26.100;Pinsk;https://en.wikipedia.org/wiki/Pinsk
55.483;28.800;Polotsk;https://en.wikipedia.org/wiki/Polotsk
52.867;24.900;Ruzhany;https://en.wikipedia.org/wiki/Ruzhany
53.83333;23.66111;Sapotskin;https://en.wikipedia.org/wiki/Sapotskin
54.22361;30.28639;Shklov;https://en.wikipedia.org/wiki/Shklov
53.083;25.317;Slonim;https://en.wikipedia.org/wiki/Slonim
53.033;27.567;Slutsk;https://en.wikipedia.org/wiki/Slutsk
51.883;26.850;Stolin;https://en.wikipedia.org/wiki/Stolin
52.07000;27.74000;Turaŭ;https://en.wikipedia.org/wiki/Tura%C5%AD
56.3414056;26.8011194;Riebiņi;https://en.wikipedia.org/wiki/Riebi%C5%86i
56.3414056;26.8011194;Riebiņi;https://en.wikipedia.org/wiki/Riebi%C5%86i
56.05333;26.78306;Višķi;https://en.wikipedia.org/wiki/Vi%C5%A1%C4%B7i
54.40139;24.04917;Alytus;https://en.wikipedia.org/wiki/Alytus
55.533;25.100;Anykščiai;https://en.wikipedia.org/wiki/Anyk%C5%A1%C4%8Diai
54.86111;23.96389;Panemunė;https://en.wikipedia.org/wiki/Panemun%C4%97,_Kaunas
54.51389;23.89167;Balbieriškis;https://en.wikipedia.org/wiki/Balbieri%C5%A1kis
56.200;24.750;Biržai;https://en.wikipedia.org/wiki/Bir%C5%BEai
54.50278;24.25278;Butrimonys;https://en.wikipedia.org/wiki/Butrimonys
54.19444;25.62500;Dieveniškės;https://en.wikipedia.org/wiki/Dieveni%C5%A1k%C4%97s
54.167;25.000;Eišiškės;https://en.wikipedia.org/wiki/Ei%C5%A1i%C5%A1k%C4%97s
55.71278;21.40333;Gargždai;https://en.wikipedia.org/wiki/Garg%C5%BEdai
55.07222;24.28056;Jonava;https://en.wikipedia.org/wiki/Jonava
56.02500;24.16944;Joniškėlis;https://en.wikipedia.org/wiki/Joni%C5%A1k%C4%97lis
55.24722;23.83333;Josvainiai;https://en.wikipedia.org/wiki/Josvainiai
55.083;22.767;Jurbarkas;https://en.wikipedia.org/wiki/Jurbarkas
54.867;24.450;Kaišiadorys;https://en.wikipedia.org/wiki/Kai%C5%A1iadorys
54.41667;23.21667;Kalvarija;https://en.wikipedia.org/wiki/Kalvarija,_Lithuania
54.00000;23.65833;Kapčiamiestis;https://en.wikipedia.org/wiki/Kap%C4%8Diamiestis
54.89722;23.88611;Kaunas;https://en.wikipedia.org/wiki/Kaunas
55.283;23.967;Kėdainiai;https://en.wikipedia.org/wiki/K%C4%97dainiai
55.63333;22.93333;Kelmė;https://en.wikipedia.org/wiki/Kelm%C4%97
55.71111;21.13056;Klaipėda;https://en.wikipedia.org/wiki/Klaip%C4%97da
55.40833;23.72500;Krakes;https://en.wikipedia.org/wiki/Krakes
55.600;22.683;Kraziai;https://en.wikipedia.org/wiki/Kraziai
55.89000;21.24222;Kretinga;https://en.wikipedia.org/wiki/Kretinga
54.76667;22.86667;Kudirkos Naumiestis;https://en.wikipedia.org/wiki/Kudirkos_Naumiestis
55.83333;24.96667;Kupiškis;https://en.wikipedia.org/wiki/Kupi%C5%A1kis
55.41111;25.06667;Kurkliai;https://en.wikipedia.org/wiki/Kurkliai
55.55556;22.00000;Kvėdarna;https://en.wikipedia.org/wiki/Kv%C4%97darna
54.62222;22.76667;Kybartai;https://en.wikipedia.org/wiki/Kybartai
54.233;23.517;Lazdijai;https://en.wikipedia.org/wiki/Lazdijai
54.08611;23.86111;Leipalingis;https://en.wikipedia.org/wiki/Leipalingis
56.00556;23.65833;Lygumai;https://en.wikipedia.org/wiki/Lygumai
54.54722;23.35000;Marijampolė;https://en.wikipedia.org/wiki/Marijampol%C4%97
56.317;22.333;Mažeikiai;https://en.wikipedia.org/wiki/Ma%C5%BEeikiai
54.16389;24.18611;Merkinė;https://en.wikipedia.org/wiki/Merkin%C4%97
54.85000;25.48333;Nemenčinė;https://en.wikipedia.org/wiki/Nemen%C4%8Din%C4%97
55.93333;25.80000;Obeliai;https://en.wikipedia.org/wiki/Obeliai
55.967;23.867;Pakruojis;https://en.wikipedia.org/wiki/Pakruojis
56.01667;25.21667;Pandėlys;https://en.wikipedia.org/wiki/Pand%C4%97lys
55.733;24.350;Panevėžys;https://en.wikipedia.org/wiki/Panev%C4%97%C5%BEys
56.05944;24.40361;Pasvalys;https://en.wikipedia.org/wiki/Pasvalys
54.72222;23.22222;Pilviskiai;https://en.wikipedia.org/wiki/Pilviskiai
55.917;21.850;Plungė;https://en.wikipedia.org/wiki/Plung%C4%97
54.63333;23.94167;Prienai;https://en.wikipedia.org/wiki/Prienai
55.96667;25.58333;Rokiškis;https://en.wikipedia.org/wiki/Roki%C5%A1kis
55.89167;23.88333;Rozalimas;https://en.wikipedia.org/wiki/Rozalimas
54.59694;25.35000;Rudamina (Vilnius);https://en.wikipedia.org/wiki/Rudamina_(Vilnius)
54.86389;24.21667;Rumsiskes;https://en.wikipedia.org/wiki/Rumsiskes
54.950;23.050;Šakiai;https://en.wikipedia.org/wiki/%C5%A0akiai
56.06667;21.56667;Salantai;https://en.wikipedia.org/wiki/Salantai
55.76667;23.75000;Seduva;https://en.wikipedia.org/wiki/Seduva
54.23056;23.81389;Seirijai;https://en.wikipedia.org/wiki/Seirijai
55.681000;23.406000;Šiaulėnai;https://en.wikipedia.org/wiki/%C5%A0iaul%C4%97nai
55.933;23.317;Šiauliai;https://en.wikipedia.org/wiki/%C5%A0iauliai
54.40000;23.65000;Simnas;https://en.wikipedia.org/wiki/Simnas
55.89167;25.20000;Skapiskis;https://en.wikipedia.org/wiki/Skapiskis
55.40750;22.58250;Skaudvile;https://en.wikipedia.org/wiki/Skaudvile
54.59167;24.31944;Stakliskes;https://en.wikipedia.org/wiki/Stakliskes
55.133;26.167;Švenčionys;https://en.wikipedia.org/wiki/%C5%A0ven%C4%8Dionys
55.39194;24.76389;Taujėnai;https://en.wikipedia.org/wiki/Tauj%C4%97nai
55.25222;22.28972;Tauragė;https://en.wikipedia.org/wiki/Taurag%C4%97
55.44389;25.81389;Tauragnai;https://en.wikipedia.org/wiki/Tauragnai
55.98333;22.25000;Telšiai;https://en.wikipedia.org/wiki/Tel%C5%A1iai
55.58611;24.86944;Troskunai;https://en.wikipedia.org/wiki/Troskunai
56.053000;22.581000;Tryškiai;https://en.wikipedia.org/wiki/Try%C5%A1kiai
55.250;24.750;Ukmergė;https://en.wikipedia.org/wiki/Ukmerg%C4%97
55.500;25.600;Utena;https://en.wikipedia.org/wiki/Utena
55.63889;25.58306;Uzpaliai;https://en.wikipedia.org/wiki/Uzpaliai
54.21111;24.57222;Varėna;https://en.wikipedia.org/wiki/Var%C4%97na
55.73333;22.36667;Varniai;https://en.wikipedia.org/wiki/Varniai
56.16944;24.21111;Vaškai;https://en.wikipedia.org/wiki/Va%C5%A1kai
54.10000;23.70000;Veisiejai;https://en.wikipedia.org/wiki/Veisiejai
54.917;23.883;Vilijampole;https://en.wikipedia.org/wiki/Vilijampole
54.65000;23.03333;Vilkaviškis;https://en.wikipedia.org/wiki/Vilkavi%C5%A1kis
54.683;25.283;Vilnius;https://en.wikipedia.org/wiki/Vilnius
54.63333;22.81667;Virbalis;https://en.wikipedia.org/wiki/Virbalis
54.45833;22.71944;Vištytis;https://en.wikipedia.org/wiki/Vi%C5%A1tytis
56.36667;23.25000;Žagarė;https://en.wikipedia.org/wiki/%C5%BDagar%C4%97
54.86389;24.58889;Žasliai;https://en.wikipedia.org/wiki/%C5%BDasliai
56.267;23.983;Žeimelis;https://en.wikipedia.org/wiki/%C5%BDeimelis
55.21889;25.09694;Želva;https://en.wikipedia.org/wiki/%C5%BDelva
55.35833;21.70000;Zemaiciu Naumiestis;https://en.wikipedia.org/wiki/Zemaiciu_Naumiestis
56.317;22.017;Židikai;https://en.wikipedia.org/wiki/%C5%BDidikai
50.333;19.117;Będzin;https://en.wikipedia.org/wiki/B%C4%99dzin
51.367;19.367;Bełchatów;https://en.wikipedia.org/wiki/Be%C5%82chat%C3%B3w
51.650;20.950;Białobrzegi;https://en.wikipedia.org/wiki/Bia%C5%82obrzegi
52.767;23.200;Bielsk-Podlaski;https://en.wikipedia.org/wiki/Bielsk-Podlaski
49.69222;22.47944;Bircza;https://en.wikipedia.org/wiki/Bircza
49.900;22.100;Błażowa;https://en.wikipedia.org/wiki/B%C5%82a%C5%BCowa
50.083141;25.147651;Brody;https://en.wikipedia.org/wiki/Brody
51.067;19.167;Nowa Brzeźnica;https://en.wikipedia.org/wiki/Nowa_Brze%C5%BAnica
49.700;22.017;Brzozów;https://en.wikipedia.org/wiki/Brzoz%C3%B3w
49.47889;22.06028;Bukowsko;https://en.wikipedia.org/wiki/Bukowsko
50.383;18.900;Bytom;https://en.wikipedia.org/wiki/Bytom
51.150;23.483;Chełm;https://en.wikipedia.org/wiki/Che%C5%82m
50.80278;20.46722;Chęciny;https://en.wikipedia.org/wiki/Ch%C4%99ciny
50.61167;20.74972;Chmielnik;https://en.wikipedia.org/wiki/Chmielnik
52.867;20.633;Ciechanów;https://en.wikipedia.org/wiki/Ciechan%C3%B3w
50.333;19.083;Czeladź;https://en.wikipedia.org/wiki/Czelad%C5%BA
50.800;19.117;Częstochowa;https://en.wikipedia.org/wiki/Cz%C4%99stochowa
52.800;22.317;Czyżew;https://en.wikipedia.org/wiki/Czy%C5%BCew
50.167;20.983;Dąbrowa Tarnowska;https://en.wikipedia.org/wiki/D%C4%85browa_Tarnowska
50.317;19.267;Dąbrowa Górnicza;https://en.wikipedia.org/wiki/D%C4%85browa_G%C3%B3rnicza
50.050;21.417;Dębica;https://en.wikipedia.org/wiki/D%C4%99bica
49.567;21.683;Dukla;https://en.wikipedia.org/wiki/Dukla
49.833;22.233;Dynów;https://en.wikipedia.org/wiki/Dyn%C3%B3w
51.11778;18.87000;Działoszyn;https://en.wikipedia.org/wiki/Dzia%C5%82oszyn
49.833;21.617;Frysztak;https://en.wikipedia.org/wiki/Frysztak
52.400;19.733;Gąbin;https://en.wikipedia.org/wiki/G%C4%85bin
50.167;21.967;Głogów Małopolski;https://en.wikipedia.org/wiki/G%C5%82og%C3%B3w_Ma%C5%82opolski
51.617;21.317;Głowaczów;https://en.wikipedia.org/wiki/G%C5%82owacz%C3%B3w,_Masovian_Voivodeship
51.96417;19.71167;Głowno;https://en.wikipedia.org/wiki/G%C5%82owno
49.650;21.167;Gorlice;https://en.wikipedia.org/wiki/Gorlice
52.417;19.467;Gostynin;https://en.wikipedia.org/wiki/Gostynin
51.97333;21.21444;Góra Kalwaria;https://en.wikipedia.org/wiki/G%C3%B3ra_Kalwaria
50.567;21.867;Grębów;https://en.wikipedia.org/wiki/Gr%C4%99b%C3%B3w,_Podkarpackie_Voivodeship
52.10889;20.62500;Grodzisk Mazowiecki;https://en.wikipedia.org/wiki/Grodzisk_Mazowiecki
50.817;23.883;Hrubieszów;https://en.wikipedia.org/wiki/Hrubiesz%C3%B3w
51.167;21.250;Iłża;https://en.wikipedia.org/wiki/I%C5%82%C5%BCa
51.52694;20.22139;Inowłódz;https://en.wikipedia.org/wiki/Inow%C5%82%C3%B3dz
50.73167;21.27500;Iwaniska;https://en.wikipedia.org/wiki/Iwaniska
52.467;21.633;Jadów;https://en.wikipedia.org/wiki/Jad%C3%B3w
53.467;23.217;Janów;https://en.wikipedia.org/wiki/Jan%C3%B3w,_Podlaskie_Voivodeship
50.01861;22.67972;Jarosław;https://en.wikipedia.org/wiki/Jaros%C5%82aw
49.74778;21.47139;Jasło;https://en.wikipedia.org/wiki/Jas%C5%82o
53.283;22.300;Jedwabne;https://en.wikipedia.org/wiki/Jedwabne
51.217;19.500;Kamieńsk;https://en.wikipedia.org/wiki/Kamie%C5%84sk
50.000;22.400;Kańczuga;https://en.wikipedia.org/wiki/Ka%C5%84czuga
50.883;20.617;Kielce;https://en.wikipedia.org/wiki/Kielce
52.26861;19.87000;Kiernozia;https://en.wikipedia.org/wiki/Kiernozia
52.37111;18.17639;Kleczew;https://en.wikipedia.org/wiki/Kleczew
50.65639;21.45278;Klimontów;https://en.wikipedia.org/wiki/Klimont%C3%B3w,_Sandomierz_County
53.31306;22.91750;Knyszyn;https://en.wikipedia.org/wiki/Knyszyn
51.650;22.450;Kock;https://en.wikipedia.org/wiki/Kock
50.250;21.767;Kolbuszowa;https://en.wikipedia.org/wiki/Kolbuszowa
53.41056;21.93389;Kolno;https://en.wikipedia.org/wiki/Kolno
52.217;18.267;Konin;https://en.wikipedia.org/wiki/Konin
49.72222;21.81778;Korczyna;https://en.wikipedia.org/wiki/Korczyna,_Subcarpathian_Voivodeship
51.583;21.567;Kozienice;https://en.wikipedia.org/wiki/Kozienice
53.017;21.167;Krasnosielc;https://en.wikipedia.org/wiki/Krasnosielc
49.683;21.750;Krosno;https://en.wikipedia.org/wiki/Krosno
50.067;22.233;Łańcut;https://en.wikipedia.org/wiki/%C5%81a%C5%84cut
51.583;19.133;Łask;https://en.wikipedia.org/wiki/%C5%81ask
50.68250;19.62528;Lelów;https://en.wikipedia.org/wiki/Lel%C3%B3w
50.267;22.433;Leżajsk;https://en.wikipedia.org/wiki/Le%C5%BCajsk
53.167;22.083;Łomża;https://en.wikipedia.org/wiki/%C5%81om%C5%BCa
52.217;22.717;Łosice;https://en.wikipedia.org/wiki/%C5%81osice
50.167;23.117;Lubaczów;https://en.wikipedia.org/wiki/Lubacz%C3%B3w
50.383;21.750;Majdan Królewski;https://en.wikipedia.org/wiki/Majdan_Kr%C3%B3lewski
51.98333;22.78333;Międzyrzec Podlaski;https://en.wikipedia.org/wiki/Mi%C4%99dzyrzec_Podlaski
50.283;21.433;Mielec;https://en.wikipedia.org/wiki/Mielec
52.183;21.567;Mińsk Mazowiecki;https://en.wikipedia.org/wiki/Mi%C5%84sk_Mazowiecki
53.117;20.367;Mława;https://en.wikipedia.org/wiki/M%C5%82awa
49.79139;20.24056;Mstów;https://en.wikipedia.org/wiki/Mst%C3%B3w
51.97417;20.52667;Mszczonów;https://en.wikipedia.org/wiki/Mszczon%C3%B3w
49.850;21.900;Niebylec;https://en.wikipedia.org/wiki/Niebylec
52.433;20.683;Nowy Dwór Mazowiecki;https://en.wikipedia.org/wiki/Nowy_Dw%C3%B3r_Mazowiecki
50.29917;20.80889;Nowy Korczyn;https://en.wikipedia.org/wiki/Nowy_Korczyn
49.62389;20.69722;Nowy Sącz;https://en.wikipedia.org/wiki/Nowy_S%C4%85cz
52.667;22.300;Nur;https://en.wikipedia.org/wiki/Nur,_Poland
50.283;19.567;Olkusz;https://en.wikipedia.org/wiki/Olkusz
50.80500;21.42472;Opatów;https://en.wikipedia.org/wiki/Opat%C3%B3w
51.383;20.283;Opoczno;https://en.wikipedia.org/wiki/Opoczno
51.28833;18.79250;Osjaków;https://en.wikipedia.org/wiki/Osjak%C3%B3w
53.067;21.567;Ostrołęka;https://en.wikipedia.org/wiki/Ostro%C5%82%C4%99ka
52.800;21.900;Ostrów Mazowiecka;https://en.wikipedia.org/wiki/Ostr%C3%B3w_Mazowiecka
50.933;21.400;Ostrowiec Świętokrzyski;https://en.wikipedia.org/wiki/Ostrowiec_%C5%9Awi%C4%99tokrzyski
50.89083;21.66778;Ożarów;https://en.wikipedia.org/wiki/O%C5%BCar%C3%B3w
51.650;19.383;Pabianice;https://en.wikipedia.org/wiki/Pabianice
50.46639;19.65667;Pilica;https://en.wikipedia.org/wiki/Pilica_(Silesian_Voivodeship)
49.98194;21.28833;Pilzno;https://en.wikipedia.org/wiki/Pilzno
51.400;19.683;Piotrków Trybunalski;https://en.wikipedia.org/wiki/Piotrk%C3%B3w_Trybunalski
52.550;19.700;Płock;https://en.wikipedia.org/wiki/P%C5%82ock
50.43306;21.28028;Połaniec;https://en.wikipedia.org/wiki/Po%C5%82aniec
49.783;22.767;Przemyśl;https://en.wikipedia.org/wiki/Przemy%C5%9Bl
50.067;22.500;Przeworsk;https://en.wikipedia.org/wiki/Przeworsk
51.400;21.167;Radom;https://en.wikipedia.org/wiki/Radom
51.067;19.450;Radomsko;https://en.wikipedia.org/wiki/Radomsko
50.19472;21.27333;Radomyśl Wielki;https://en.wikipedia.org/wiki/Radomy%C5%9Bl_Wielki
53.41083;22.41000;Radziłów;https://en.wikipedia.org/wiki/Radzi%C5%82%C3%B3w
51.767;22.617;Radzyń Podlaski;https://en.wikipedia.org/wiki/Radzy%C5%84_Podlaski
50.267;21.983;Raniżów;https://en.wikipedia.org/wiki/Rani%C5%BC%C3%B3w
50.08611;21.63333;Ropczyce;https://en.wikipedia.org/wiki/Ropczyce
52.89028;21.39583;Różan;https://en.wikipedia.org/wiki/R%C3%B3%C5%BCan
50.59111;22.04167;Rozwadów;https://en.wikipedia.org/wiki/Rozwad%C3%B3w
49.567;21.883;Rymanów;https://en.wikipedia.org/wiki/Ryman%C3%B3w
50.033;22.000;Rzeszów;https://en.wikipedia.org/wiki/Rzesz%C3%B3w
52.33389;19.86583;Sanniki;https://en.wikipedia.org/wiki/Sanniki,_Masovian_Voivodeship
50.683;21.750;Sandomierz;https://en.wikipedia.org/wiki/Sandomierz
49.550;22.217;Sanok;https://en.wikipedia.org/wiki/Sanok
50.06944;21.70139;Sędziszów Małopolski;https://en.wikipedia.org/wiki/S%C4%99dzisz%C3%B3w_Ma%C5%82opolski
54.117;23.367;Sejny;https://en.wikipedia.org/wiki/Sejny
53.55306;23.44861;Sidra;https://en.wikipedia.org/wiki/Sidra,_Sok%C3%B3%C5%82ka_County
50.317;19.383;Sławków;https://en.wikipedia.org/wiki/S%C5%82awk%C3%B3w
52.683;20.467;Sochocin;https://en.wikipedia.org/wiki/Sochocin
50.23250;22.12083;Sokołów Małopolski;https://en.wikipedia.org/wiki/Soko%C5%82%C3%B3w_Ma%C5%82opolski
52.41111;18.50278;Sompolno;https://en.wikipedia.org/wiki/Sompolno
50.300;19.167;Sosnowiec;https://en.wikipedia.org/wiki/Sosnowiec
50.56333;21.17167;Staszów;https://en.wikipedia.org/wiki/Stasz%C3%B3w
49.883;21.783;Strzyżów;https://en.wikipedia.org/wiki/Strzy%C5%BC%C3%B3w
53.217;23.333;Supraśl;https://en.wikipedia.org/wiki/Supra%C5%9Bl
54.083;22.933;Suwałki;https://en.wikipedia.org/wiki/Suwa%C5%82ki
50.700;22.983;Szczebrzeszyn;https://en.wikipedia.org/wiki/Szczebrzeszyn
51.333;19.117;Szczerców;https://en.wikipedia.org/wiki/Szczerc%C3%B3w
53.56611;22.28500;Szczuczyn;https://en.wikipedia.org/wiki/Szczuczyn
50.583;21.683;Tarnobrzeg;https://en.wikipedia.org/wiki/Tarnobrzeg
50.367;22.733;Tarnogród;https://en.wikipedia.org/wiki/Tarnogr%C3%B3d
50.01250;20.98861;Tarnów;https://en.wikipedia.org/wiki/Tarn%C3%B3w
49.583;22.367;Tyrawa Wołoska;https://en.wikipedia.org/wiki/Tyrawa_Wo%C5%82oska
51.517;20.017;Tomaszów Mazowiecki;https://en.wikipedia.org/wiki/Tomasz%C3%B3w_Mazowiecki
50.92083;25.69722;Trochenbrod;https://en.wikipedia.org/wiki/Trochenbrod
53.333;22.683;Trzcianne;https://en.wikipedia.org/wiki/Trzcianne
49.967;22.033;Tyczyn;https://en.wikipedia.org/wiki/Tyczyn
53.20306;22.77083;Tykocin;https://en.wikipedia.org/wiki/Tykocin
50.500;22.267;Ulanów;https://en.wikipedia.org/wiki/Ulan%C3%B3w
51.700;18.633;Warta;https://en.wikipedia.org/wiki/Warta,_Poland
50.02278;23.16222;Wielkie Oczy;https://en.wikipedia.org/wiki/Wielkie_Oczy
53.200;22.383;Wizna;https://en.wikipedia.org/wiki/Wizna
50.85417;19.96694;Włoszczowa;https://en.wikipedia.org/wiki/W%C5%82oszczowa
50.91917;23.54667;Wojsławice;https://en.wikipedia.org/wiki/Wojs%C5%82awice,_Lublin_Voivodeship
52.91917;22.51444;Wysokie Mazowieckie;https://en.wikipedia.org/wiki/Wysokie_Mazowieckie
52.383;20.200;Wyszogród;https://en.wikipedia.org/wiki/Wyszogr%C3%B3d
53.017;23.333;Zabłudów;https://en.wikipedia.org/wiki/Zab%C5%82ud%C3%B3w
50.13278;20.88528;Żabno;https://en.wikipedia.org/wiki/%C5%BBabno
52.43778;20.61194;Zakroczym;https://en.wikipedia.org/wiki/Zakroczym
52.983;22.250;Zambrów;https://en.wikipedia.org/wiki/Zambr%C3%B3w
51.600;18.967;Zduńska Wola;https://en.wikipedia.org/wiki/Zdu%C5%84ska_Wola
51.467;19.217;Zelów;https://en.wikipedia.org/wiki/Zel%C3%B3w
51.850;19.417;Zgierz;https://en.wikipedia.org/wiki/Zgierz
49.617;21.533;Żmigród Nowy;https://en.wikipedia.org/wiki/%C5%BBmigr%C3%B3d_Nowy
50.17861;22.32417;Żołynia;https://en.wikipedia.org/wiki/%C5%BBo%C5%82ynia
47.717;29.967;Ananyiv;https://en.wikipedia.org/wiki/Ananyiv
49.07500;27.67611;Bar;https://en.wikipedia.org/wiki/Bar,_Ukraine
49.617;24.233;Bibrka;https://en.wikipedia.org/wiki/Bibrka
50.38;24.02;Belz;https://en.wikipedia.org/wiki/Belz
49.90000;28.56667;Berdychiv;https://en.wikipedia.org/wiki/Berdychiv
48.20556;22.64722;Berehove;https://en.wikipedia.org/wiki/Berehove
49.44583;24.93611;Berezhany;https://en.wikipedia.org/wiki/Berezhany
49.79889;30.11528;Bila Tserkva;https://en.wikipedia.org/wiki/Bila_Tserkva
49.06694;23.85139;Bolekhiv;https://en.wikipedia.org/wiki/Bolekhiv
49.28917;23.41889;Boryslav;https://en.wikipedia.org/wiki/Boryslav
51.25000;32.60000;Borzna;https://en.wikipedia.org/wiki/Borzna
48.267;26.133;Boiany;https://en.wikipedia.org/wiki/Boiany
50.083141;25.147651;Brody;https://en.wikipedia.org/wiki/Brody
48.833;28.950;Bratslav;https://en.wikipedia.org/wiki/Bratslav
49.08333;25.40000;Buchach;https://en.wikipedia.org/wiki/Buchach
49.1594;25.7047;Budaniv;https://en.wikipedia.org/wiki/Budaniv
49.24972;24.50000;Bukachivtsi;https://en.wikipedia.org/wiki/Bukachivtsi
49.267;24.633;Burshtyn;https://en.wikipedia.org/wiki/Burshtyn
51.50000;31.30000;Chernihiv;https://en.wikipedia.org/wiki/Chernihiv
48.30000;25.93333;Chernivtsi;https://en.wikipedia.org/wiki/Chernivtsi
51.27222;30.22417;Chernobyl;https://en.wikipedia.org/wiki/Chernobyl
50.82722;28.95583;Chopovychi;https://en.wikipedia.org/wiki/Chopovychi
49.00750;25.79056;Chortkiv;https://en.wikipedia.org/wiki/Chortkiv
48.533;24.633;Delatyn;https://en.wikipedia.org/wiki/Delatyn
49.267;27.433;Derazhnia;https://en.wikipedia.org/wiki/Derazhnia
48.97056;24.01111;Dolyna;https://en.wikipedia.org/wiki/Dolyna
49.35000;23.50000;Drohobych;https://en.wikipedia.org/wiki/Drohobych
48.88944;26.85694;Dunaivtsi;https://en.wikipedia.org/wiki/Dunaivtsi
48.66750;25.50028;Horodenka;https://en.wikipedia.org/wiki/Horodenka
49.067;26.217;Husiatyn;https://en.wikipedia.org/wiki/Husiatyn
49.78333;23.64444;Horodok;https://en.wikipedia.org/wiki/Horodok,_Lviv_Oblast
51.07083;30.25222;Hornostaypil;https://en.wikipedia.org/wiki/Hornostaypil
49.91528;30.22722;Justingrad;https://en.wikipedia.org/wiki/Justingrad
49.44722;28.52306;Kalynivka;https://en.wikipedia.org/wiki/Kalynivka,_Vinnytsia_Oblast
49.04417;24.35972;Kalush;https://en.wikipedia.org/wiki/Kalush,_Ukraine
48.68333;26.58333;Kamianets-Podilskyi;https://en.wikipedia.org/wiki/Kamianets-Podilskyi
49.233;25.917;Khorostkiv;https://en.wikipedia.org/wiki/Khorostkiv
48.50000;26.50000;Khotyn;https://en.wikipedia.org/wiki/Khotyn
51.58944;26.62139;Kolky;https://en.wikipedia.org/wiki/Kolky,_Rivne_Oblast
48.53056;25.04028;Kolomyia;https://en.wikipedia.org/wiki/Kolomyia
48.15000;23.13333;Korolevo;https://en.wikipedia.org/wiki/Korolevo
49.10806;25.91278;Kopychyntsi;https://en.wikipedia.org/wiki/Kopychyntsi
48.31500;25.09528;Kosiv;https://en.wikipedia.org/wiki/Kosiv
51.21667;24.71667;Kovel;https://en.wikipedia.org/wiki/Kovel
50.11972;25.71667;Kremenets;https://en.wikipedia.org/wiki/Kremenets
50.40;27.18;Krasnostav;https://en.wikipedia.org/wiki/Krasnostav,_Slavuta_Raion
49.61000;26.51000;Kupel;https://en.wikipedia.org/wiki/Kupel
48.25722;25.16722;Kuty;https://en.wikipedia.org/wiki/Kuty
49.3255;28.0872;Lityn;https://en.wikipedia.org/wiki/Lityn
49.383;27.617;Letychiv;https://en.wikipedia.org/wiki/Letychiv
51.22361;24.03278;Liuboml;https://en.wikipedia.org/wiki/Liuboml
50.92083;25.69722;Lozisht;https://en.wikipedia.org/wiki/Lozisht
49.83000;24.01417;Lvov;https://en.wikipedia.org/wiki/Lvov
50.75000;25.33583;Lutsk;https://en.wikipedia.org/wiki/Lutsk
49.717;28.667;Komsomolske (Makhnovka) Village;https://en.wikipedia.org/wiki/Komsomolske_(Makhnovka)_Village
50.45972;29.81472;Makariv;https://en.wikipedia.org/wiki/Makariv
49.033;24.850;Mariyampil;https://en.wikipedia.org/wiki/Mariyampil
49.43333;27.41667;Medzhybizh;https://en.wikipedia.org/wiki/Medzhybizh
48.45000;22.75000;Mukachevo;https://en.wikipedia.org/wiki/Mukachevo
48.633;24.583;Nadvirna;https://en.wikipedia.org/wiki/Nadvirna
48.967;28.850;Nemyriv;https://en.wikipedia.org/wiki/Nemyriv
51.03806;31.88611;Nizhyn;https://en.wikipedia.org/wiki/Nizhyn
50.58333;27.63333;Novohrad-Volynskyi;https://en.wikipedia.org/wiki/Novohrad-Volynskyi
48.19639;29.49639;Olhopil;https://en.wikipedia.org/wiki/Olhopil,_Vinnytsia_Oblast
49.96306;24.89389;Oles'ko;https://en.wikipedia.org/wiki/Oles%27ko
50.71667;25.81667;Olyka;https://en.wikipedia.org/wiki/Olyka
48.733;24.850;Ottynia;https://en.wikipedia.org/wiki/Ottynia
49.86917;29.44917;Pavoloch;https://en.wikipedia.org/wiki/Pavoloch
49.36917;29.28472;Pliskov, Ukraine;https://en.wikipedia.org/wiki/Pliskov,_Ukraine
49.26944;25.13611;Podgaytsy;https://en.wikipedia.org/wiki/Podgaytsy
50.433;17.350;Podkamen;https://en.wikipedia.org/wiki/Podkamen
49.48333;29.26667;Pohrebysche;https://en.wikipedia.org/wiki/Pohrebysche
50.12000;27.50778;Polonne;https://en.wikipedia.org/wiki/Polonne
50.18528;27.56361;Poninka;https://en.wikipedia.org/wiki/Poninka
50.60000;32.40000;Priluki;https://en.wikipedia.org/wiki/Priluki
49.033;25.983;Probezhna;https://en.wikipedia.org/wiki/Probezhna
49.41667;27.00000;Proskurov;https://en.wikipedia.org/wiki/Proskurov
49.37652;28.98759;Rachmastrivka;https://en.wikipedia.org/wiki/Rachmastrivka
50.22500;23.62417;Rava-Ruska;https://en.wikipedia.org/wiki/Rava-Ruska
49.417;24.617;Rohatyn;https://en.wikipedia.org/wiki/Rohatyn
50.617;26.250;Rivne;https://en.wikipedia.org/wiki/Rivne
50.750;33.467;Romny;https://en.wikipedia.org/wiki/Romny
49.717;29.233;Ruzhyn;https://en.wikipedia.org/wiki/Ruzhyn_(urban-type_settlement)
48.350;25.967;Sadagóra;https://en.wikipedia.org/wiki/Sadag%C3%B3ra
49.51667;23.20278;Sambir;https://en.wikipedia.org/wiki/Sambir
48.133;30.083;Savran;https://en.wikipedia.org/wiki/Savran,_Ukraine
48.750;28.083;Shargorod;https://en.wikipedia.org/wiki/Shargorod
50.18333;27.06667;Shepetivka;https://en.wikipedia.org/wiki/Shepetivka
48.99972;31.39222;Shpola;https://en.wikipedia.org/wiki/Shpola
48.783;28.567;Shpykiv;https://en.wikipedia.org/wiki/Shpykiv
48.85250;26.19444;Skala-Podol'skaya;https://en.wikipedia.org/wiki/Skala-Podol%27skaya
49.433;25.983;Skalat;https://en.wikipedia.org/wiki/Skalat
49.71667;29.66667;Skvyra;https://en.wikipedia.org/wiki/Skvyra
50.30278;26.86833;Slavuta;https://en.wikipedia.org/wiki/Slavuta
48.45000;25.56667;Snyatyn;https://en.wikipedia.org/wiki/Snyatyn
50.833;27.000;Sosnovoye;https://en.wikipedia.org/wiki/Sosnovoye
49.59583;27.62306;Stara Syniava;https://en.wikipedia.org/wiki/Stara_Syniava
49.75389;27.22028;Starokostiantyniv;https://en.wikipedia.org/wiki/Starokostiantyniv
51.12833;26.30417;Stepan;https://en.wikipedia.org/wiki/Stepan
48.15972;25.71500;Storozhynets;https://en.wikipedia.org/wiki/Storozhynets
49.25611;23.85028;Stryi;https://en.wikipedia.org/wiki/Stryi
49.550;30.500;Tarashcha;https://en.wikipedia.org/wiki/Tarashcha
49.84194;26.41194;Teofipol;https://en.wikipedia.org/wiki/Teofipol
49.37083;29.69000;Tetiev;https://en.wikipedia.org/wiki/Tetiev
49.30000;25.69028;Terebovlia;https://en.wikipedia.org/wiki/Terebovlia
48.86667;25.00000;Tlumach;https://en.wikipedia.org/wiki/Tlumach
48.84639;25.72528;Tovste;https://en.wikipedia.org/wiki/Tovste_(urban-type_settlement)
50.467;34.950;Trostyanets;https://en.wikipedia.org/wiki/Trostyanets
50.92083;25.69722;Trochinbrod;https://en.wikipedia.org/wiki/Trochinbrod
48.90056;25.82556;Ulashkovtse;https://en.wikipedia.org/wiki/Ulashkovtse
48.75000;30.21667;Uman;https://en.wikipedia.org/wiki/Uman
48.62389;22.29500;Uzhgorod;https://en.wikipedia.org/wiki/Uzhgorod
49.90000;25.73333;Vyshnivets;https://en.wikipedia.org/wiki/Vyshnivets
49.533;26.167;Volochysk;https://en.wikipedia.org/wiki/Volochysk
49.12944;24.49444;Voynilov;https://en.wikipedia.org/wiki/Voynilov
48.25000;25.19167;Vyzhnytsia;https://en.wikipedia.org/wiki/Vyzhnytsia
49.94694;23.39306;Yavoriv;https://en.wikipedia.org/wiki/Yavoriv
48.40528;24.94167;Yablanov;https://en.wikipedia.org/wiki/Yablanov
48.94167;25.74583;Yagelnitsa;https://en.wikipedia.org/wiki/Yagelnitsa
48.96139;25.44500;Yazlovets;https://en.wikipedia.org/wiki/Yazlovets
48.467;25.283;Zabolotiv;https://en.wikipedia.org/wiki/Zabolotiv
49.66667;25.77778;Zbarazh;https://en.wikipedia.org/wiki/Zbarazh
48.650;25.733;Zalishchyky;https://en.wikipedia.org/wiki/Zalishchyky
49.050;28.100;Zhmerynka;https://en.wikipedia.org/wiki/Zhmerynka
50.06667;23.96667;Zhovkva;https://en.wikipedia.org/wiki/Zhovkva
49.38500;24.14444;Zhydachiv;https://en.wikipedia.org/wiki/Zhydachiv
50.200;34.350;Zinkiv;https://en.wikipedia.org/wiki/Zinkiv
48.783;31.633;Zlatopol;https://en.wikipedia.org/wiki/Zlatopol
49.8074917;24.9030611;Zolochiv;https://en.wikipedia.org/wiki/Zolochiv
